No.,SAMPLE_ID,식품명,제조사,조사년도,식품분류,식품상세분류,식품코드,출처,1회제공량,에너지(Kcal),단백질(g),지질(g),탄수화물(g),총당류(g),나트륨(mg),콜레스테롤(mg),총 포화 지방산(g),트랜스 지방산(g)
1,R003126-ZZ-AVG,"햄, 프레스햄",전국(대표),2020,농축산물,육류,R003126,농진청('19),100,217,16.09,15.66,3.01,1.73,628,41.47,5.6,0.11
2,R003127-ZZ-AVG,"햄, 프레스햄, 데친것",전국(대표),2020,농축산물,육류,R003127,농진청('19),100,256,15.44,19.51,4.63,1.57,668,40.44,7.07,0.15
3,R003128-ZZ-AVG,"햄, 프레스햄, 구운것(팬)",전국(대표),2020,농축산물,육류,R003128,농진청('19),100,249,16.2,18.77,3.78,1.86,758,46.43,6.82,0.13
4,R003129-ZZ-AVG,"햄, 슬라이스햄, 데친것",전국(대표),2020,농축산물,육류,R003129,농진청('19),100,203,17.26,13.14,3.94,1.54,525,57.43,4.23,0.06
5,R003130-ZZ-AVG,"햄, 슬라이스햄, 구운것(팬)",전국(대표),2020,농축산물,육류,R003130,농진청('19),100,234,19.7,15.43,4.05,2.12,806,59.13,4.86,0.07
6,R001632-ZZ-AVG,"햄, 슬라이스햄",전국(대표),2020,농축산물,육류,R001632,농진청('19),100,193,17.01,12.82,2.3,1.34,703,51.86,4.23,0.06
7,R001500-ZZ-AVG,"개구리고기, 생것",전국(대표),2019,농축산물,육류,R001500,수('89),100,75,16.1,0.4,0.7,0,69,0,0,0
8,R001501-ZZ-AVG,"거위고기, 살코기, 생것",전국(대표),2019,농축산물,육류,R001501,USDA('15),100,161,22.75,7.13,0,0,87,84,2.79,0
9,R001502-ZZ-AVG,"거위고기, 살코기, 구운것",전국(대표),2019,농축산물,육류,R001502,USDA('15),100,238,28.97,12.67,0,0,76,96,4.56,0
10,R001503-ZZ-AVG,"거위 부산물, 간, 생것",전국(대표),2019,농축산물,육류,R001503,USDA('15),100,133,16.37,4.28,6.32,0,140,515,1.59,0
11,R001504-ZZ-AVG,"고래고기, 생것",전국(대표),2019,농축산물,육류,R001504,USDA('15),100,111,26.5,0.5,0,0,78,80,0.092,0
12,R001505-ZZ-AVG,"고래고기, 복부정육, 생것",전국(대표),2019,농축산물,육류,R001505,수('82),100,298,22,22.5,0.3,0,0,0,0,0
13,R001506-ZZ-AVG,"고래고기, 복부지육, 생것",전국(대표),2019,농축산물,육류,R001506,수('82),100,449,25.5,37.6,0.3,0,0,0,0,0
14,R001507-ZZ-AVG,"고래고기, 붉은살, 냉동",전국(대표),2019,농축산물,육류,R001507,식약처('96),100,132,23.5,3.5,0,0,58,0,0,0
15,R001508-ZZ-AVG,"고래고기, 붉은살, 염절임",전국(대표),2019,농축산물,육류,R001508,수('82),100,160,24.4,6.2,0.1,0,0,0,0,0
16,R001509-ZZ-AVG,"고래 부산물, 꼬리, 생것",전국(대표),2019,농축산물,육류,R001509,수('82),100,284,28.4,18,0.2,0,0,0,0,0
17,R001510-ZZ-AVG,"고래 부산물, 꼬리, 냉동",전국(대표),2019,농축산물,육류,R001510,수('82),100,246,13.8,20.6,0.3,0,0,0,0,0
18,R001511-ZZ-AVG,"꿩고기, 숫꿩, 생것",전국(대표),2019,농축산물,육류,R001511,농진청('90),100,125,27.5,0.8,0,0,70,0,0,0
19,R001512-ZZ-AVG,"꿩고기, 암꿩, 생것",전국(대표),2019,농축산물,육류,R001512,농진청('90),100,122,27.2,0.6,0,0,0,0,0,0
20,R001513-ZZ-AVG,"닭고기, 구운것",전국(대표),2019,농축산물,육류,R001513,식약처('96),100,243,27.8,12.6,2.8,0,189,0,0,0
21,R001514-ZZ-AVG,"닭고기, 전체, 튀긴것",전국(대표),2019,농축산물,육류,R001514,식약처('96),100,280,23.9,17.1,6.1,0,377,0,0,0
22,R001515-ZZ-AVG,"닭고기, 가슴(껍질 제거), 생것",전국(대표),2019,농축산물,육류,R001515,농진청('15),100,107,22.97,0.97,0,0,45,56.11,0.36,0
23,R001516-ZZ-AVG,"닭고기, 가슴(껍질 제거), 삶은것",전국(대표),2019,농축산물,육류,R001516,농진청('15),100,128,28.09,0.93,0,0,40,74.54,0.37,0
24,R001517-ZZ-AVG,"닭고기, 가슴(껍질 제거), 구운것(팬)",전국(대표),2019,농축산물,육류,R001517,농진청('15),100,165,35.47,1.48,0,0,61,110.36,0.58,0
25,R001518-ZZ-AVG,"닭고기, 가슴(껍질 제거), 튀긴것(튀김옷)",전국(대표),2019,농축산물,육류,R001518,농진청('01),100,255,21,9.7,20.2,0,60,0,0,0
26,R001519-ZZ-AVG,"닭고기, 날개, 생것",전국(대표),2019,농축산물,육류,R001519,농진청('15),100,175,18.78,10.53,0,0,74,94.76,3.17,0.1
27,R001520-ZZ-AVG,"닭고기, 날개, 삶은것",전국(대표),2019,농축산물,육류,R001520,농진청('15),100,229,25.1,13.54,0,0,62,119.64,4.06,0.14
28,R001521-ZZ-AVG,"닭고기, 날개, 구운것(오븐)",전국(대표),2019,농축산물,육류,R001521,농진청('15),100,240,26.36,14.08,0,0,97,116.62,4.26,0.14
29,R001522-ZZ-AVG,"닭고기, 날개, 튀긴것(튀김옷)",전국(대표),2019,농축산물,육류,R001522,USDA('15),100,324,19.87,21.81,10.94,0,320,79,5.83,0
30,R001523-ZZ-AVG,"닭고기, 날개, 튀긴것(밀가루옷)",전국(대표),2019,농축산물,육류,R001523,USDA('15),100,321,26.11,22.16,2.39,0,77,81,6.06,0
31,R001524-ZZ-AVG,"닭고기, 넓적다리(껍질 제거), 생것",전국(대표),2019,농축산물,육류,R001524,농진청('15),100,186,18.59,11.83,0,0,62,80.32,3.7,0.1
32,R001525-ZZ-AVG,"닭고기, 넓적다리(껍질 제거), 삶은것",전국(대표),2019,농축산물,육류,R001525,농진청('15),100,226,25.14,13.18,0,0,50,113.42,3.91,0.12
33,R001526-ZZ-AVG,"닭고기, 넓적다리(껍질 제거), 구운것(팬)",전국(대표),2019,농축산물,육류,R001526,농진청('15),100,234,26.33,13.53,0,0,88,113.23,4.05,0.12
34,R001527-ZZ-AVG,"닭고기, 넓적다리(껍질 제거), 튀긴것",전국(대표),2019,농축산물,육류,R001527,USDA('15),100,218,28.18,10.3,1.18,0,95,102,2.78,0
35,R001528-ZZ-AVG,"닭고기, 다리, 생것",전국(대표),2019,농축산물,육류,R001528,농진청('15),100,152,19.41,7.67,0,0,84,91.96,2.31,0.07
36,R001529-ZZ-AVG,"닭고기, 다리, 삶은것",전국(대표),2019,농축산물,육류,R001529,농진청('15),100,187,24.34,9.17,0,0,76,117.69,2.81,0.08
37,R001530-ZZ-AVG,"닭고기, 다리, 구운것(오븐)",전국(대표),2019,농축산물,육류,R001530,농진청('15),100,213,28.88,9.92,0,0,116,142.09,3.09,0.09
38,R001531-ZZ-AVG,"닭고기, 다리, 튀긴것(튀김옷)",전국(대표),2019,농축산물,육류,R001531,농진청('01),100,317,18,20.8,13.7,0,119,0,0,0
39,R001532-ZZ-AVG,"닭고기, 다리(껍질 제거), 튀긴것",전국(대표),2019,농축산물,육류,R001532,USDA('15),100,208,28.38,9.32,0.65,0,96,99,2.49,0
40,R001533-ZZ-AVG,"닭고기, 목, 생것",전국(대표),2019,농축산물,육류,R001533,농진청('15),100,331,15.05,29.59,0,0,59,69.74,6.81,0.23
41,R001534-ZZ-AVG,"닭고기, 목, 튀긴것(튀김옷)",전국(대표),2019,농축산물,육류,R001534,USDA('15),100,330,19.82,23.52,8.7,0,276,91,6.22,0
42,R001535-ZZ-AVG,"닭고기, 살코기, 생것",전국(대표),2019,농축산물,육류,R001535,농진청('97),100,115,24,1.4,0.1,0,58,0,0,0
43,R001536-ZZ-AVG,"닭고기, 살코기, 삶은것",전국(대표),2019,농축산물,육류,R001536,농진청('97),100,143,27.8,2.6,0.1,0,62,0,0,0
44,R001537-ZZ-AVG,"닭고기, 살코기, 튀긴것(튀김옷)",전국(대표),2019,농축산물,육류,R001537,USDA('15),100,289,22.54,17.35,9.42,0,292,87,4.61,0
45,R001538-ZZ-AVG,"닭고기, 성계, 생것",전국(대표),2019,농축산물,육류,R001538,농진청('99),100,177,19,10.6,0.1,0,66,0,0,0
46,R001539-ZZ-AVG,"닭고기, 영계, 삶은것",전국(대표),2019,농축산물,육류,R001539,농진청('01),100,247,26.1,15,0,0,74,0,0,0
47,R001540-ZZ-AVG,"닭고기, 오골계, 생것",전국(대표),2019,농축산물,육류,R001540,식약처('96),100,137,19,6.1,0.1,0,80,0,0,0
48,R001541-ZZ-AVG,"닭고기, 토종, 생것",전국(대표),2019,농축산물,육류,R001541,농진청('99),100,118,22,2.6,0.2,0,63,0,0,0
49,R001542-ZZ-AVG,"닭고기, 토종, 껍질",전국(대표),2019,농축산물,육류,R001542,축산연('02),100,339,12.6,31.6,0,0,58,0,0,0
50,R001543-ZZ-AVG,"닭고기, 토종, 가슴",전국(대표),2019,농축산물,육류,R001543,축산연('02),100,107,23.1,0.7,0.5,0,54,0,0,0
51,R001544-ZZ-AVG,"닭고기, 토종, 날개",전국(대표),2019,농축산물,육류,R001544,축산연('02),100,122,20.4,3.5,0.8,0,51,0,0,0
52,R001545-ZZ-AVG,"닭고기, 토종, 다리",전국(대표),2019,농축산물,육류,R001545,축산연('02),100,128,18.9,4.9,0.9,0,72,0,0,0
53,R001546-ZZ-AVG,"닭고기, 토종, 살코기",전국(대표),2019,농축산물,육류,R001546,농진청('11),100,108,20,1.3,2.8,0,73,0,0,0
54,R001547-ZZ-AVG,"닭 부산물, 간, 생것",전국(대표),2019,농축산물,육류,R001547,식약처('96),100,116,18.8,3.9,0.1,0,92,0,0,0
55,R001548-ZZ-AVG,"닭 부산물, 간, 삶은것",전국(대표),2019,농축산물,육류,R001548,USDA('15),100,167,24.46,6.51,0.87,0,76,563,2.06,0.09
56,R001549-ZZ-AVG,"닭 부산물, 모래주머니, 생것",전국(대표),2019,농축산물,육류,R001549,농진청('15),100,85,16.87,1.41,0,0,42,186.49,0.67,0
57,R001550-ZZ-AVG,"닭 부산물, 모래주머니, 구운것(오븐)",전국(대표),2019,농축산물,육류,R001550,농진청('15),100,132,26.78,2,0,0,57,314.1,0.97,0
58,R001551-ZZ-AVG,"닭 부산물, 심장, 생것",전국(대표),2019,농축산물,육류,R001551,JAPAN('15),100,207,14.5,15.5,0.00001,0,85,160,3.86,0
59,R001552-ZZ-AVG,"닭 부산물, 심장, 삶은것",전국(대표),2019,농축산물,육류,R001552,USDA('15),100,185,26.41,7.92,0.1,0,48,242,2.26,0
60,R001553-ZZ-AVG,"닭 부산물, 닭발, 삶은것",전국(대표),2019,농축산물,육류,R001553,USDA('15),100,215,19.4,14.6,0.2,0,67,84,3.92,0
61,R001554-ZZ-AVG,닭뼈 육수,전국(대표),2019,농축산물,육류,R001554,JAPAN('15),100,7,1.1,0.2,0.00001,0,30,0.00001,0.06,0
62,R001555-ZZ-AVG,닭 육수,전국(대표),2019,농축산물,육류,R001555,농진청('00),100,12,1.3,0.7,0,0,13,0,0,0
63,R001556-ZZ-AVG,닭꼬치,전국(대표),2019,농축산물,육류,R001556,식약처('11),100,254,16.5,12.2,19.1,0,410,0,0,0
64,R001557-ZZ-AVG,"돼지고기, 갈비, 생것",전국(대표),2019,농축산물,육류,R001557,농진청('14),100,230,17.77,17.06,0,0,64,76.22,4.52,0.07
65,R001558-ZZ-AVG,"돼지고기, 갈비, 삶은것",전국(대표),2019,농축산물,육류,R001558,농진청('14),100,289,26.51,19.54,0,0,45,103.53,6.66,0.1
66,R001559-ZZ-AVG,"돼지고기, 갈비, 구운것(팬)",전국(대표),2019,농축산물,육류,R001559,농진청('14),100,265,24.83,17.59,0,0,79,94.74,6.02,0.09
67,R001560-ZZ-AVG,"돼지고기, 갈비(갈비살), 생것",전국(대표),2019,농축산물,육류,R001560,농진청('16),100,202,18.7,13.59,0,0,50,69.32,4.94,0.1
68,R001562-ZZ-AVG,"돼지고기, 뒷다리, 생것",전국(대표),2019,농축산물,육류,R001562,농진청('14),100,121,21.3,3.34,0,0,57,62.81,1.19,0
69,R001563-ZZ-AVG,"돼지고기, 뒷다리, 삶은것",전국(대표),2019,농축산물,육류,R001563,농진청('14),100,209,30.63,8.7,0,0,42,96.7,2.86,0.04
70,R001564-ZZ-AVG,"돼지고기, 뒷다리, 구운것(팬)",전국(대표),2019,농축산물,육류,R001564,농진청('14),100,210,30.21,8.93,0,0,63,95.9,2.88,0.06
71,R001565-ZZ-AVG,"돼지고기, 등심, 생것",전국(대표),2019,농축산물,육류,R001565,농진청('14),100,135,24.03,3.6,0,0,39,53.48,1.32,0.02
72,R001566-ZZ-AVG,"돼지고기, 등심, 삶은것",전국(대표),2019,농축산물,육류,R001566,농진청('14),100,203,35.08,5.94,0,0,28,90.08,2.24,0.02
73,R001567-ZZ-AVG,"돼지고기, 등심, 구운것(팬)",전국(대표),2019,농축산물,육류,R001567,농진청('14),100,184,32.06,5.18,0,0,49,80.47,2,0.02
74,R001568-ZZ-AVG,"돼지고기, 목심(목심살), 생것",전국(대표),2019,농축산물,육류,R001568,농진청('14),100,221,17.21,16.36,0,0,51,64.99,5.91,0.13
75,R001569-ZZ-AVG,"돼지고기, 목심(목심살), 삶은것",전국(대표),2019,농축산물,육류,R001569,농진청('14),100,276,25.43,18.56,0,0,42,93.62,7.31,0.14
76,R001570-ZZ-AVG,"돼지고기, 목심(목심살), 구운것(팬)",전국(대표),2019,농축산물,육류,R001570,농진청('14),100,258,24.06,17.23,0,0,65,91.29,6.41,0.12
77,R001571-ZZ-AVG,"돼지고기, 사태, 생것",전국(대표),2019,농축산물,육류,R001571,농진청('14),100,154,19.78,7.72,0,0,71,70.12,2.76,0.04
78,R001572-ZZ-AVG,"돼지고기, 사태, 삶은것",전국(대표),2019,농축산물,육류,R001572,농진청('14),100,201,29.14,8.46,0,0,54,99.49,3.02,0.05
79,R001573-ZZ-AVG,"돼지고기, 사태, 구운것(팬)",전국(대표),2019,농축산물,육류,R001573,농진청('14),100,209,28.47,9.74,0,0,99,100.19,3.59,0.06
80,R001574-ZZ-AVG,"돼지고기, 살코기, 생것",전국(대표),2019,농축산물,육류,R001574,대푯값,100,186,19.78,11.25,0,0,49,62.82,3.62,0.07
81,R001575-ZZ-AVG,"돼지고기, 삼겹살(삼겹살), 생것",전국(대표),2019,농축산물,육류,R001575,농진청('14),100,379,13.27,35.7,0,0,55,68.55,14.42,0.16
82,R001576-ZZ-AVG,"돼지고기, 삼겹살(삼겹살), 삶은것",전국(대표),2019,농축산물,육류,R001576,농진청('14),100,414,19.58,36.64,0,0,40,93.9,14.58,0.16
83,R001577-ZZ-AVG,"돼지고기, 삼겹살(삼겹살), 구운것(팬)",전국(대표),2019,농축산물,육류,R001577,농진청('14),100,469,22.78,41.2,0,0,80,98.87,15,0.18
84,R001578-ZZ-AVG,"돼지고기, 안심(안심살), 생것",전국(대표),2019,농축산물,육류,R001578,농진청('14),100,123,22.21,3.15,0,0,46,67.85,1.17,0.02
85,R001579-ZZ-AVG,"돼지고기, 안심(안심살), 삶은것",전국(대표),2019,농축산물,육류,R001579,농진청('14),100,177,32.32,4.31,0,0,37,111.36,1.58,0.03
86,R001580-ZZ-AVG,"돼지고기, 안심(안심살), 구운것(팬)",전국(대표),2019,농축산물,육류,R001580,농진청('14),100,172,30.23,4.76,0,0,57,94.52,1.74,0.02
87,R001581-ZZ-AVG,"돼지고기, 앞다리(꾸리살), 생것",전국(대표),2019,농축산물,육류,R001581,농진청('16),100,134,18.84,5.91,0,0,48,64.62,2.1,0.04
88,R001582-ZZ-AVG,"돼지고기, 뒷다리(도가니살), 생것",전국(대표),2019,농축산물,육류,R001582,농진청('16),100,129,21.29,4.23,0,0,46,62.82,1.55,0.03
89,R001583-ZZ-AVG,"돼지고기, 뒷다리(뒷사태살), 생것",전국(대표),2019,농축산물,육류,R001583,농진청('16),100,134,20.51,5.11,0,0,48,64.9,1.83,0.03
90,R001584-ZZ-AVG,"돼지고기, 뒷다리(보섭살), 생것",전국(대표),2019,농축산물,육류,R001584,농진청('16),100,137,21.13,5.14,0,0,45,73.61,1.89,0.03
91,R001585-ZZ-AVG,"돼지고기, 뒷다리(볼기살), 생것",전국(대표),2019,농축산물,육류,R001585,농진청('16),100,132,20.79,4.81,0,0,51,59.89,1.78,0.03
92,R001586-ZZ-AVG,"돼지고기, 뒷다리(설깃살), 생것",전국(대표),2019,농축산물,육류,R001586,농진청('16),100,138,20.9,5.39,0,0,49,57.54,1.95,0.03
93,R001587-ZZ-AVG,"돼지고기, 뒷다리(홍두깨살), 생것",전국(대표),2019,농축산물,육류,R001587,농진청('16),100,135,20.03,5.44,0,0,43,68.08,2.05,0.03
94,R001588-ZZ-AVG,"돼지고기, 등심(등심덧살), 생것",전국(대표),2019,농축산물,육류,R001588,농진청('16),100,199,17.51,13.74,0,0,52,69.79,4.53,0.09
95,R001589-ZZ-AVG,"돼지고기, 등심(알등심살), 생것",전국(대표),2019,농축산물,육류,R001589,농진청('16),100,144,22.9,5.13,0,0,45,54.42,1.93,0.03
96,R001590-ZZ-AVG,"돼지고기, 앞다리(부채살), 생것",전국(대표),2019,농축산물,육류,R001590,농진청('16),100,151,20.09,7.18,0,0,54,63.32,2.41,0.04
97,R001591-ZZ-AVG,"돼지고기, 앞다리(앞사태살), 생것",전국(대표),2019,농축산물,육류,R001591,농진청('16),100,131,20.82,4.68,0,0,62,65.76,1.66,0.03
98,R001592-ZZ-AVG,"돼지고기, 삼겹살(갈매기살), 생것",전국(대표),2019,농축산물,육류,R001592,농진청('16),100,186,17.92,12.16,0,0,56,76.72,5.04,0.08
99,R001593-ZZ-AVG,"돼지고기, 삼겹살(등갈비), 생것",전국(대표),2019,농축산물,육류,R001593,농진청('16),100,231,17.88,17.19,0,0,52,84.1,6.38,0.14
100,R001594-ZZ-AVG,"돼지고기, 삼겹살(토시살), 생것",전국(대표),2019,농축산물,육류,R001594,농진청('16),100,140,20.46,5.82,0,0,59,72.77,2.41,0.04
101,R001595-ZZ-AVG,"돼지고기, 삼겹살(오돌삼겹), 생것",전국(대표),2019,농축산물,육류,R001595,농진청('16),100,316,17.12,26.89,0,0,102,64.19,6.55,0.13
102,R001596-ZZ-AVG,"돼지고기, 앞다리(앞다리살), 생것",전국(대표),2019,농축산물,육류,R001596,농진청('16),100,159,20.56,7.92,0,0,50,60.85,2.86,0.05
103,R001597-ZZ-AVG,"돼지고기, 앞다리(항정살), 생것",전국(대표),2019,농축산물,육류,R001597,농진청('16),100,298,17.98,24.52,0,0,50,63.25,5.74,0.13
104,R001598-ZZ-AVG,"돼지고기, 앞다리(주걱살), 생것",전국(대표),2019,농축산물,육류,R001598,농진청('16),100,143,20.49,6.13,0,0,41,61.21,2.24,0.04
105,R001599-ZZ-AVG,"돼지 부산물, 간, 생것",전국(대표),2019,농축산물,육류,R001599,식약처('96),100,125,18.7,3.9,2.6,0,75,0,0,0
106,R001600-ZZ-AVG,"돼지 부산물, 간, 삶은것",전국(대표),2019,농축산물,육류,R001600,USDA('15),100,165,26.02,4.4,3.76,0,49,355,1.41,0
107,R001601-ZZ-AVG,"돼지 부산물, 대장, 생것",전국(대표),2019,농축산물,육류,R001601,축과원('11),100,219,8.7,20.2,0,0,21,0,0,0
108,R001602-ZZ-AVG,"돼지 부산물, 대장, 삶은것",전국(대표),2019,농축산물,육류,R001602,JAPAN('15),100,179,11.7,13.8,0,0,21,210,6.68,0
109,R001603-ZZ-AVG,"돼지 부산물, 맹장, 생것",전국(대표),2019,농축산물,육류,R001603,축과원('11),100,358,10.8,34.6,0,0,54,0,0,0
110,R001604-ZZ-AVG,"돼지 부산물, 머리고기, 생것",전국(대표),2019,농축산물,육류,R001604,식약처('96),100,272,20.6,20.3,0.2,0,448,0,0,0
111,R001605-ZZ-AVG,"돼지 부산물, 비장, 생것",전국(대표),2019,농축산물,육류,R001605,축과원('11),100,86,18,1,0,0,92,0,0,0
112,R001606-ZZ-AVG,"돼지 부산물, 소장(곱창), 생것",전국(대표),2019,농축산물,육류,R001606,축과원('11),100,71,11.9,2.2,0,0,54,0,0,0
113,R001607-ZZ-AVG,"돼지 부산물, 소장(곱창), 삶은것",전국(대표),2019,농축산물,육류,R001607,JAPAN('15),100,171,14,11.9,0,0,13,240,5.93,0
114,R001608-ZZ-AVG,"돼지 부산물, 신장, 생것",전국(대표),2019,농축산물,육류,R001608,국('77),100,109,16.7,3.7,1.2,0,114,0,0,0
115,R001609-ZZ-AVG,"돼지 부산물, 신장, 삶은것",전국(대표),2019,농축산물,육류,R001609,USDA('15),100,151,25.4,4.7,0,0,80,480,1.51,0
116,R001610-ZZ-AVG,"돼지 부산물, 심장, 생것",전국(대표),2019,농축산물,육류,R001610,농진청('11),100,113,18,4,0,0,133,0,0,0
117,R001611-ZZ-AVG,"돼지 부산물, 심장, 삶은것",전국(대표),2019,농축산물,육류,R001611,USDA('15),100,148,23.6,5.05,0.4,0,35,221,1.34,0
118,R001612-ZZ-AVG,"돼지 부산물, 위, 생것",전국(대표),2019,농축산물,육류,R001612,축과원('11),100,111,17.3,4.1,0,0,121,0,0,0
119,R001613-ZZ-AVG,"돼지 부산물, 자궁, 생것",전국(대표),2019,농축산물,육류,R001613,축과원('11),100,73,15.4,0.8,0,0,195,0,0,0
120,R001614-ZZ-AVG,"돼지 부산물, 족발, 생것",전국(대표),2019,농축산물,육류,R001614,USDA('15),100,212,23.16,12.59,0,0,132,88,3.57,0
121,R001615-ZZ-AVG,"돼지 부산물, 족발, 삶은것",전국(대표),2019,농축산물,육류,R001615,USDA('15),100,238,21.94,16.05,0,0,73,107,4.343,0
122,R001616-ZZ-AVG,"돼지 부산물, 족발, 조미, 삶은것",전국(대표),2019,농축산물,육류,R001616,농진청('17),100,220,28.91,11.65,0,0.28,332,92.54,3.77,0.04
123,R001617-ZZ-AVG,"돼지 부산물, 직장, 생것",전국(대표),2019,농축산물,육류,R001617,축과원('11),100,332,9.9,32.1,0,0,73,0,0,0
124,R001618-ZZ-AVG,"돼지 부산물, 췌장, 생것",전국(대표),2019,농축산물,육류,R001618,축과원('11),100,152,20.7,7.1,0,0,85,0,0,0
125,R001619-ZZ-AVG,"돼지 부산물, 허파, 생것",전국(대표),2019,농축산물,육류,R001619,USDA('15),100,85,14.08,2.72,0,0,153,320,0.96,0
126,R001620-ZZ-AVG,"돼지 부산물, 허파, 삶은것",전국(대표),2019,농축산물,육류,R001620,USDA('15),100,99,16.6,3.1,0,0,81,387,1.09,0
127,R001621-ZZ-AVG,"소시지, 말린것",전국(대표),2019,농축산물,육류,R001621,JAPAN('15),100,497,25.4,43,2.1,0,1400,97,16,0
128,R001622-ZZ-AVG,"소시지, 리용소시지",전국(대표),2019,농축산물,육류,R001622,JAPAN('15),100,192,14.9,13.1,3.7,0,910,49,4.55,0
129,R001623-ZZ-AVG,"소시지, 볼로냐소시지",전국(대표),2019,농축산물,육류,R001623,JAPAN('15),100,251,12.5,21,2.9,0,830,64,7.7,0
130,R001624-ZZ-AVG,"소시지, 위너(비엔나)소시지",전국(대표),2019,농축산물,육류,R001624,농진청('16),100,254,15.27,16.91,9.35,1.02,732,63.27,5.63,0.08
131,R001625-ZZ-AVG,"소시지, 이탈리안소시지",전국(대표),2019,농축산물,육류,R001625,USDA('15),100,346,14.25,31.33,0.65,0,731,76,11.27,0
132,R001626-ZZ-AVG,"소시지, 프랑크푸르트소시지",전국(대표),2019,농축산물,육류,R001626,농진청('17),100,244,14.41,17.7,5.9,1.28,795,66.16,5.66,0.11
133,R001627-ZZ-AVG,"햄, 등심햄",전국(대표),2019,농축산물,육류,R001627,농진청('17),100,126,20.66,3.34,1.97,1.53,759,52.29,1.32,0.02
134,R001628-ZZ-AVG,"햄, 런천미트햄",전국(대표),2019,농축산물,육류,R001628,농진청('16),100,201,15.43,11.53,7.92,1.04,778,54.57,3.68,0.08
135,R001634-ZZ-AVG,"포크커틀릿, 냉동",전국(대표),2019,농축산물,육류,R001634,식약처('96),100,286,9.4,18.2,21,0,345,0,0,0
136,R001635-ZZ-AVG,"포크커틀릿, 냉동, 튀긴것",전국(대표),2019,농축산물,육류,R001635,축과원('11),100,367,16.6,23.7,21.2,0,166,0,0,0
137,R001636-ZZ-AVG,"돼지불고기, 생것",전국(대표),2019,농축산물,육류,R001636,식약처('96),100,132,14.1,6.9,2.4,0,330,0,0,0
138,R001637-ZZ-AVG,베이컨,전국(대표),2019,농축산물,육류,R001637,농진청('16),100,245,15.27,17.12,6.44,0.98,654,57.48,5.83,0.14
139,R001638-ZZ-AVG,"베이컨, 구운것",전국(대표),2019,농축산물,육류,R001638,USDA('15),100,548,35.73,43.27,1.35,0,2193,107,14.187,0
140,R001639-ZZ-AVG,순대,전국(대표),2019,농축산물,육류,R001639,농진청('99),100,116,1.4,5.8,15,0,463,0,0,0
141,R001640-ZZ-AVG,"순대, 찐것",전국(대표),2019,농축산물,육류,R001640,식약처('11),100,180,6.5,8.5,19.5,0,340,0,0,0
142,R001641-ZZ-AVG,"메추리고기, 생것",전국(대표),2019,농축산물,육류,R001641,JAPAN('15),100,208,20.5,12.9,0.1,0,35,120,2.93,0
143,R001642-ZZ-AVG,"멧돼지고기, 생것",전국(대표),2019,농축산물,육류,R001642,JAPAN('15),100,268,18.8,19.8,0.5,0,45,86,5.83,0
144,R001643-ZZ-AVG,"멧돼지고기, 앞다리, 생것",전국(대표),2019,농축산물,육류,R001643,농진청('96),100,188,21.5,10.7,0,0,55,0,0,0
145,R001644-ZZ-AVG,"소고기, 미국산, 갈비, 구운것(오븐)",전국(대표),2019,농축산물,육류,R001644,USDA('15),100,400,22.57,33.7,0,0,65,85,13.96,0
146,R001645-ZZ-AVG,"소고기, 미국산, 목심(목심살), 생것",전국(대표),2019,농축산물,육류,R001645,USDA('15),100,265,16.98,21.31,0,0,67,72,8.59,0
147,R001646-ZZ-AVG,"소고기, 미국산, 목심(목심살), 삶은것",전국(대표),2019,농축산물,육류,R001646,USDA('15),100,359,26.37,27.26,0,0,64,103,10.86,0
148,R001647-ZZ-AVG,"소고기, 미국산, 사태, 끓인것",전국(대표),2019,농축산물,육류,R001647,USDA('15),100,201,33.68,6.36,0,0,64,78,2.29,0
149,R001648-ZZ-AVG,"소고기, 미국산, 설도, 구운것(석쇠)",전국(대표),2019,농축산물,육류,R001648,USDA('15),100,164,28.45,4.67,0,0,38,74,1.608,0
150,R001649-ZZ-AVG,"소고기, 미국산, 안심(안심살), 구운것",전국(대표),2019,농축산물,육류,R001649,USDA('15),100,267,26.46,17.12,0,0,54,97,6.743,0
151,R001650-ZZ-AVG,"소고기, 한우, 갈비, 생것",전국(대표),2019,농축산물,육류,R001650,농진청('03),100,298,16.5,24.4,1.9,0,127,0,0,0
152,R001651-ZZ-AVG,"소고기, 한우, 등심, 생것",전국(대표),2019,농축산물,육류,R001651,농진청('14),100,304,15.61,26.3,0,0,56,78.96,10.83,0.78
153,R001652-ZZ-AVG,"소고기, 한우, 등심, 삶은것",전국(대표),2019,농축산물,육류,R001652,농진청('14),100,348,25.2,26.63,0,0,33,89.59,10.95,0.64
154,R001653-ZZ-AVG,"소고기, 한우, 등심, 구운것(팬)",전국(대표),2019,농축산물,육류,R001653,농진청('14),100,387,18.9,33.99,0,0,59,94.32,13.39,0.98
155,R001654-ZZ-AVG,"소고기, 한우(1등급), 살코기, 생것",전국(대표),2019,농축산물,육류,R001654,대푯값,100,207,18.62,14.09,0,0,49,60.73,5.15,0.28
156,R001655-ZZ-AVG,"소고기, 한우, 양지, 생것",전국(대표),2019,농축산물,육류,R001655,농진청('14),100,247,18.58,18.59,0,0,55,65.49,5.76,0.44
157,R001656-ZZ-AVG,"소고기, 한우, 양지, 삶은것",전국(대표),2019,농축산물,육류,R001656,농진청('14),100,268,33.09,14.05,0,0,38,100.85,4.83,0.31
158,R001657-ZZ-AVG,"소고기, 한우, 양지, 구운것(팬)",전국(대표),2019,농축산물,육류,R001657,농진청('14),100,302,25.6,21.32,0,0,74,95.84,6.78,0.53
159,R001658-ZZ-AVG,"소고기, 한우, 채끝(채끝살), 생것",전국(대표),2019,농축산물,육류,R001658,농진청('89),100,124,17.1,5.6,0.2,0,63,0,0,0
160,R001659-ZZ-AVG,"소고기, 한우(1++등급), 등심, 생것",전국(대표),2019,농축산물,육류,R001659,농진청('11),100,278,16.9,22.8,0,0,43,0,0,0
161,R001660-ZZ-AVG,"소고기, 한우(1++등급), 목심(목심살), 생것",전국(대표),2019,농축산물,육류,R001660,농진청('11),100,218,18.8,15.3,0,0,60,0,0,0
162,R001661-ZZ-AVG,"소고기, 한우(1++등급), 설도(보섭살), 생것",전국(대표),2019,농축산물,육류,R001661,농진청('11),100,204,19.7,13.3,0,0,82,0,0,0
163,R001662-ZZ-AVG,"소고기, 한우(1++등급), 설도(설깃살), 생것",전국(대표),2019,농축산물,육류,R001662,농진청('11),100,196,19.5,12.5,0,0,80,0,0,0
164,R001663-ZZ-AVG,"소고기, 한우(1++등급), 앞다리(꾸리살), 생것",전국(대표),2019,농축산물,육류,R001663,농진청('11),100,167,19.5,9.3,0,0,70,0,0,0
165,R001664-ZZ-AVG,"소고기, 한우(1++등급), 우둔(우둔살), 생것",전국(대표),2019,농축산물,육류,R001664,농진청('11),100,171,20.6,9.2,0,0,48,0,0,0
166,R001665-ZZ-AVG,"소고기, 한우(1++등급), 우둔(홍두깨살), 생것",전국(대표),2019,농축산물,육류,R001665,농진청('11),100,161,21.2,7.8,0,0,62,0,0,0
167,R001666-ZZ-AVG,"소고기, 한우(1++등급), 양지(양지머리), 생것",전국(대표),2019,농축산물,육류,R001666,농진청('11),100,198,19.1,12.9,0,0,104,0,0,0
168,R001667-ZZ-AVG,"소고기, 한우(1++등급), 양지(업진살), 생것",전국(대표),2019,농축산물,육류,R001667,농진청('11),100,253,17.8,19.6,0,0,101,0,0,0
169,R001668-ZZ-AVG,"소고기, 한우(1++등급), 채끝(채끝살), 생것",전국(대표),2019,농축산물,육류,R001668,농진청('11),100,265,17.8,21,0,0,48,0,0,0
170,R001669-ZZ-AVG,"소고기, 한우(3등급), 등심, 생것",전국(대표),2019,농축산물,육류,R001669,농진청('11),100,117,21.3,2.9,0,0,49,0,0,0
171,R001670-ZZ-AVG,"소고기, 한우(3등급), 목심(목심살), 생것",전국(대표),2019,농축산물,육류,R001670,농진청('11),100,102,21.4,1.2,0,0,69,0,0,0
172,R001671-ZZ-AVG,"소고기, 한우(3등급), 설도(보섭살), 생것",전국(대표),2019,농축산물,육류,R001671,농진청('11),100,108,22.2,1.5,0,0,104,0,0,0
173,R001672-ZZ-AVG,"소고기, 한우(3등급), 설도(설깃살), 생것",전국(대표),2019,농축산물,육류,R001672,농진청('11),100,104,22.2,1,0,0,83,0,0,0
174,R001673-ZZ-AVG,"소고기, 한우(3등급), 앞다리(꾸리살), 생것",전국(대표),2019,농축산물,육류,R001673,농진청('11),100,103,21.5,1.2,0,0,77,0,0,0
175,R001674-ZZ-AVG,"소고기, 한우(3등급), 우둔(우둔살), 생것",전국(대표),2019,농축산물,육류,R001674,농진청('11),100,107,22.8,1.1,0,0,58,0,0,0
176,R001675-ZZ-AVG,"소고기, 한우(3등급), 우둔(홍두깨살), 생것",전국(대표),2019,농축산물,육류,R001675,농진청('11),100,105,22.5,1,0,0,61,0,0,0
177,R001676-ZZ-AVG,"소고기, 한우(3등급), 양지(양지머리), 생것",전국(대표),2019,농축산물,육류,R001676,농진청('11),100,105,21.4,1.5,0,0,125,0,0,0
178,R001677-ZZ-AVG,"소고기, 한우(3등급), 양지(업진살), 생것",전국(대표),2019,농축산물,육류,R001677,농진청('11),100,112,21.7,2.1,0,0,86,0,0,0
179,R001678-ZZ-AVG,"소고기, 한우(3등급), 채끝(채끝살), 생것",전국(대표),2019,농축산물,육류,R001678,농진청('11),100,114,22.4,2,0,0,62,0,0,0
180,R001679-ZZ-AVG,"소고기, 한우(1등급), 목심(목심살), 생것",전국(대표),2019,농축산물,육류,R001679,농진청('16),100,189,21.6,10.69,0,0,61,69.5,4.23,0.24
181,R001680-ZZ-AVG,"소고기, 한우(1등급), 설도(보섭살), 생것",전국(대표),2019,농축산물,육류,R001680,농진청('16),100,161,21.75,7.57,0,0,49,62.31,3.28,0.16
182,R001681-ZZ-AVG,"소고기, 한우(1등급), 설도(설깃살), 생것",전국(대표),2019,농축산물,육류,R001681,농진청('16),100,200,21.09,12.22,0,0,51,70.6,4.45,0.23
183,R001682-ZZ-AVG,"소고기, 한우(1등급), 안심(안심살), 생것",전국(대표),2019,농축산물,육류,R001682,농진청('16),100,200,19.17,13.14,0,0,45,57.81,5.42,0.28
184,R001683-ZZ-AVG,"소고기, 한우(1등급), 앞다리(꾸리살), 생것",전국(대표),2019,농축산물,육류,R001683,농진청('16),100,155,20.61,7.43,0,0,58,62.46,3.07,0.15
185,R001684-ZZ-AVG,"소고기, 한우(1등급), 우둔(우둔살), 생것",전국(대표),2019,농축산물,육류,R001684,농진청('16),100,164,23.08,7.29,0,0,51,58.34,3.05,0.14
186,R001685-ZZ-AVG,"소고기, 한우(1등급), 우둔(홍두깨살), 생것",전국(대표),2019,농축산물,육류,R001685,농진청('16),100,145,22.66,5.38,0,0,46,51.93,2.2,0.11
187,R001686-ZZ-AVG,"소고기, 한우(1등급), 양지(양지머리), 생것",전국(대표),2019,농축산물,육류,R001686,농진청('16),100,185,21.16,10.49,0,0,57,61.59,3.89,0.2
188,R001687-ZZ-AVG,"소고기, 한우(1등급), 양지(업진살), 생것",전국(대표),2019,농축산물,육류,R001687,농진청('16),100,251,21.15,17.87,0,0,55,71.7,6.59,0.37
189,R001688-ZZ-AVG,"소고기, 한우(1등급), 채끝(채끝살), 생것",전국(대표),2019,농축산물,육류,R001688,농진청('16),100,218,17.59,15.79,0,0,47,60.41,6.22,0.3
190,R001689-ZZ-AVG,"소고기, 한우(1등급), 앞다리(부채살), 생것",전국(대표),2019,농축산물,육류,R001689,농진청('16),100,261,20.7,19.14,0,0,58,69.05,6.69,0.34
191,R001690-ZZ-AVG,"소고기, 한우(1등급), 앞다리(앞다리살), 생것",전국(대표),2019,농축산물,육류,R001690,농진청('16),100,177,21.53,9.38,0,0,54,62.8,3.89,0.21
192,R001691-ZZ-AVG,"소고기, 한우(1등급), 갈비(꽃갈비), 생것",전국(대표),2019,농축산물,육류,R001691,농진청('16),100,383,15.35,35.25,0,0,47,83.81,10.35,0.63
193,R001692-ZZ-AVG,"소고기, 한우(1등급), 갈비(본갈비), 생것",전국(대표),2019,농축산물,육류,R001692,농진청('16),100,303,16.94,25.61,0,0,48,71.63,9.29,0.51
194,R001693-ZZ-AVG,"소고기, 한우(1등급), 갈비(안창살), 생것",전국(대표),2019,농축산물,육류,R001693,농진청('16),100,284,15.46,24.16,0,0,44,67.06,9.79,0.47
195,R001694-ZZ-AVG,"소고기, 한우(1등급), 갈비(제비추리), 생것",전국(대표),2019,농축산물,육류,R001694,농진청('16),100,175,21.95,9.06,0,0,49,61.75,3.04,0.15
196,R001695-ZZ-AVG,"소고기, 한우(1등급), 갈비(참갈비), 생것",전국(대표),2019,농축산물,육류,R001695,농진청('16),100,390,15.89,35.76,0,0,46,77.06,10.93,0.7
197,R001696-ZZ-AVG,"소고기, 한우(1등급), 갈비(토시살), 생것",전국(대표),2019,농축산물,육류,R001696,농진청('16),100,264,19.63,20.02,0,0,46,67.18,7.92,0.39
198,R001697-ZZ-AVG,"소고기, 한우(1등급), 등심(꽃등심살), 생것",전국(대표),2019,농축산물,육류,R001697,농진청('16),100,326,17.76,27.73,0,0,42,69.79,11.16,0.55
199,R001698-ZZ-AVG,"소고기, 한우(1등급), 등심(살치살), 생것",전국(대표),2019,농축산물,육류,R001698,농진청('16),100,309,16.68,26.39,0,0,47,72.27,8.89,0.44
200,R001699-ZZ-AVG,"소고기, 한우(1등급), 등심(아래등심살), 생것",전국(대표),2019,농축산물,육류,R001699,농진청('16),100,256,17.79,19.96,0,0,44,61.14,7.07,0.35
201,R001700-ZZ-AVG,"소고기, 한우(1등급), 등심(윗등심살), 생것",전국(대표),2019,농축산물,육류,R001700,농진청('16),100,301,20.05,23.89,0,0,51,70.38,9.36,0.5
202,R001701-ZZ-AVG,"소고기, 한우(1등급), 사태(뒷사태), 생것",전국(대표),2019,농축산물,육류,R001701,농진청('16),100,151,22.93,5.85,0,0,67,63.66,2.13,0.11
203,R001702-ZZ-AVG,"소고기, 한우(1등급), 사태(뭉치사태), 생것",전국(대표),2019,농축산물,육류,R001702,농진청('16),100,146,24.04,4.86,0,0,57,56.89,1.86,0.09
204,R001703-ZZ-AVG,"소고기, 한우(1등급), 사태(상박살), 생것",전국(대표),2019,농축산물,육류,R001703,농진청('16),100,165,21.38,8.17,0,0,59,63.99,3.3,0.16
205,R001704-ZZ-AVG,"소고기, 한우(1등급), 사태(아롱사태), 생것",전국(대표),2019,농축산물,육류,R001704,농진청('16),100,256,21.47,18.27,0,0,66,72.79,6.2,0.3
206,R001705-ZZ-AVG,"소고기, 한우(1등급), 사태(앞사태), 생것",전국(대표),2019,농축산물,육류,R001705,농진청('16),100,146,23.1,5.24,0,0,66,61,1.93,0.1
207,R001706-ZZ-AVG,"소고기, 한우(1등급), 설도(도가니살), 생것",전국(대표),2019,농축산물,육류,R001706,농진청('16),100,160,20.37,8.14,0,0,52,62.58,3.36,0.16
208,R001707-ZZ-AVG,"소고기, 한우(1등급), 설도(삼각살), 생것",전국(대표),2019,농축산물,육류,R001707,농진청('16),100,221,21.01,14.52,0,0,49,60.39,5.79,0.3
209,R001708-ZZ-AVG,"소고기, 한우(1등급), 설도(설깃머리살), 생것",전국(대표),2019,농축산물,육류,R001708,농진청('16),100,193,20.21,11.84,0,0,50,65.62,3.88,0.21
210,R001709-ZZ-AVG,"소고기, 한우(1등급), 앞다리(갈비덧살), 생것",전국(대표),2019,농축산물,육류,R001709,농진청('16),100,184,20.39,10.73,0,0,51,57.61,3.93,0.21
211,R001710-ZZ-AVG,"소고기, 한우(1등급), 앞다리(부채덮개살), 생것",전국(대표),2019,농축산물,육류,R001710,농진청('16),100,149,21.39,6.34,0,0,68,54.91,2.74,0.13
212,R001711-ZZ-AVG,"소고기, 한우(1등급), 양지(앞치마살), 생것",전국(대표),2019,농축산물,육류,R001711,농진청('16),100,284,18.69,22.65,0,0,47,63.48,7.28,0.38
213,R001712-ZZ-AVG,"소고기, 한우(1등급), 양지(업진안살), 생것",전국(대표),2019,농축산물,육류,R001712,농진청('16),100,221,17.76,16.07,0,0,47,67.93,6.9,0.33
214,R001713-ZZ-AVG,"소고기, 한우(1등급), 양지(차돌박이), 생것",전국(대표),2019,농축산물,육류,R001713,농진청('16),100,394,16.45,35.94,0,0,66,90.44,12.18,0.69
215,R001714-ZZ-AVG,"소고기, 한우(1등급), 양지(치마살), 생것",전국(대표),2019,농축산물,육류,R001714,농진청('16),100,217,21.8,13.75,0,0,46,62.09,4.96,0.32
216,R001715-ZZ-AVG,"소고기, 한우(1등급), 양지(치마양지), 생것",전국(대표),2019,농축산물,육류,R001715,농진청('16),100,179,22.27,9.34,0,0,65,61.08,3.51,0.19
217,R001716-ZZ-AVG,"소 부산물, 간, 생것",전국(대표),2019,농축산물,육류,R001716,식약처('96),100,131,19,4.6,2.2,0,65,0,0,0
218,R001717-ZZ-AVG,"소 부산물, 골, 생것",전국(대표),2019,농축산물,육류,R001717,식약처('96),100,120,9.3,8.2,1.7,0,154,0,0,0
219,R001718-ZZ-AVG,"소 부산물, 꼬리, 생것",전국(대표),2019,농축산물,육류,R001718,식약처('96),100,246,17.4,19,0,0,42,0,0,0
220,R001719-ZZ-AVG,"소 부산물, 선지(피), 생것",전국(대표),2019,농축산물,육류,R001719,농진청('04),100,52,10.1,0,2.2,0,598,0,0,0
221,R001720-ZZ-AVG,"소 부산물, 소장(곱창), 생것",전국(대표),2019,농축산물,육류,R001720,식약처('96),100,141,9,11.3,0.1,0,45,0,0,0
222,R001721-ZZ-AVG,"소 부산물, 신장, 생것",전국(대표),2019,농축산물,육류,R001721,국('88),100,90,15.6,1.7,2.2,0,122,0,0,0
223,R001722-ZZ-AVG,"소 부산물, 심장, 생것",전국(대표),2019,농축산물,육류,R001722,국('77),100,105,15.8,4.2,0,0,70,0,0,0
224,R001723-ZZ-AVG,"소 부산물, 양(위), 생것",전국(대표),2019,농축산물,육류,R001723,식약처('96),100,61,9.9,2,0.1,0,33,0,0,0
225,R001724-ZZ-AVG,"소 부산물, 천엽, 생것",전국(대표),2019,농축산물,육류,R001724,식약처('96),100,51,10.3,0.7,0.1,0,28,0,0,0
226,R001725-ZZ-AVG,"소 부산물, 허파, 생것",전국(대표),2019,농축산물,육류,R001725,국('77),100,82,15.8,0.9,1.6,0,54,0,0,0
227,R001726-ZZ-AVG,"소 부산물, 혀, 생것",전국(대표),2019,농축산물,육류,R001726,식약처('96),100,186,13,14.5,0,0,87,0,0,0
228,R001727-ZZ-AVG,"소 부산물, 미국산, 간, 삶은것",전국(대표),2019,농축산물,육류,R001727,USDA('15),100,191,29.08,5.26,5.13,0,79,396,2.947,0.365
229,R001728-ZZ-AVG,"소 부산물, 미국산, 골, 끓인것",전국(대표),2019,농축산물,육류,R001728,USDA('15),100,151,11.67,10.53,1.48,0,108,3100,2.394,0.51
230,R001729-ZZ-AVG,"소 부산물, 미국산, 신장, 끓인것",전국(대표),2019,농축산물,육류,R001729,USDA('15),100,157,27.28,5.27,0,0,123,1002,1.173,0.055
231,R001730-ZZ-AVG,"소 부산물, 미국산, 심장, 끓인것",전국(대표),2019,농축산물,육류,R001730,USDA('15),100,165,28.48,4.73,0.15,0,59,212,1.404,0.16
232,R001731-ZZ-AVG,"소 부산물, 미국산, 허파, 삶은것",전국(대표),2019,농축산물,육류,R001731,USDA('15),100,120,20.4,3.7,0,0,101,277,1.27,0
233,R001732-ZZ-AVG,"소 부산물, 미국산, 혀, 끓인것",전국(대표),2019,농축산물,육류,R001732,USDA('15),100,284,19.29,22.3,0,0,65,132,8.125,0.84
234,R001733-ZZ-AVG,"소 부산물, 외국산, 대장, 생것",전국(대표),2019,농축산물,육류,R001733,JAPAN('15),100,162,9.3,13,0,0,61,150,3.94,0
235,R001734-ZZ-AVG,"소불고기, 생것",전국(대표),2019,농축산물,육류,R001734,식약처('96),100,136,11.5,7.8,4.3,0,396,0,0,0
236,R001735-ZZ-AVG,양지국물,전국(대표),2019,농축산물,육류,R001735,농진청('03),100,4,1,0,0,0,26,0,0,0
237,R001736-ZZ-AVG,"우족국물, 중량3배물",전국(대표),2019,농축산물,육류,R001736,농진청('11),100,2,0.3,0.1,0,0,14,0,0,0
238,R001737-ZZ-AVG,육포,전국(대표),2019,농축산물,육류,R001737,식약처('96),100,361,49,8.2,20.2,0,2180,0,0,0
239,R001738-ZZ-AVG,잡뼈국물,전국(대표),2019,농축산물,육류,R001738,농진청('03),100,27,4.3,1,0,0,61,0,0,0
240,R001739-ZZ-AVG,"송아지고기, 미국산, 갈비, 생것",전국(대표),2019,농축산물,육류,R001739,USDA('15),100,162,18.86,9.01,0,0,89,82,3.71,0
241,R001740-ZZ-AVG,"송아지고기, 미국산, 갈비, 삶은것",전국(대표),2019,농축산물,육류,R001740,USDA('15),100,251,32.43,12.53,0,0,95,139,4.95,0
242,R001741-ZZ-AVG,"송아지고기, 미국산, 갈비, 구운것",전국(대표),2019,농축산물,육류,R001741,USDA('15),100,228,23.96,13.96,0,0,92,110,5.41,0
243,R001742-ZZ-AVG,"송아지고기, 미국산, 등심, 생것",전국(대표),2019,농축산물,육류,R001742,USDA('15),100,177,20.07,10.07,0.07,0,98,59,3.607,0.413
244,R001743-ZZ-AVG,"송아지고기, 미국산, 등심, 삶은것",전국(대표),2019,농축산물,육류,R001743,USDA('15),100,284,30.19,17.21,0,0,80,118,6.73,0
245,R001744-ZZ-AVG,"송아지고기, 미국산, 등심, 구운것",전국(대표),2019,농축산물,육류,R001744,USDA('15),100,217,24.8,12.32,0,0,93,103,5.26,0
246,R001745-ZZ-AVG,"송아지고기, 미국산, 살코기, 생것",전국(대표),2019,농축산물,육류,R001745,USDA('15),100,105,20.04,2.16,0,0,86,83,0.65,0
247,R001746-ZZ-AVG,"송아지고기, 미국산, 살코기, 삶은것",전국(대표),2019,농축산물,육류,R001746,USDA('15),100,201,35.73,5.33,0,0,90,155,1.49,0
248,R001747-ZZ-AVG,"송아지고기, 미국산, 어깨, 생것",전국(대표),2019,농축산물,육류,R001747,USDA('15),100,132,19.34,5.44,0,0,83,82,2.26,0
249,R001748-ZZ-AVG,"송아지고기, 미국산, 어깨, 삶은것",전국(대표),2019,농축산물,육류,R001748,USDA('15),100,236,33.63,10.24,0,0,87,148,3.96,0
250,R001749-ZZ-AVG,"송아지고기, 미국산, 어깨, 구운것",전국(대표),2019,농축산물,육류,R001749,USDA('15),100,183,25.46,8.25,0,0,90,108,3.51,0
251,R001750-ZZ-AVG,"송아지고기, 미국산, 채끝(채끝살), 생것",전국(대표),2019,농축산물,육류,R001750,USDA('15),100,152,19.07,7.81,0,0,76,78,3.35,0
252,R001751-ZZ-AVG,"송아지고기, 미국산, 채끝(채끝살), 삶은것",전국(대표),2019,농축산물,육류,R001751,USDA('15),100,252,31.26,13.14,0,0,79,108,5.18,0
253,R001752-ZZ-AVG,"송아지고기, 미국산, 채끝(채끝살), 구운것(오븐)",전국(대표),2019,농축산물,육류,R001752,USDA('15),100,202,25.14,10.45,0,0,83,102,4.51,0
254,R001753-ZZ-AVG,"송아지 부산물, 미국산, 간, 생것",전국(대표),2019,농축산물,육류,R001753,USDA('15),100,140,19.93,4.85,2.91,0,77,334,1.56,0.215
255,R001754-ZZ-AVG,"송아지 부산물, 미국산, 간, 삶은것",전국(대표),2019,농축산물,육류,R001754,USDA('15),100,192,28.42,6.26,3.77,0,78,511,1.986,0.305
256,R001755-ZZ-AVG,"송아지 부산물, 미국산, 골, 생것",전국(대표),2019,농축산물,육류,R001755,USDA('15),100,118,10.32,8.21,0,0,127,1590,1.91,0
257,R001756-ZZ-AVG,"송아지 부산물, 미국산, 골, 삶은것",전국(대표),2019,농축산물,육류,R001756,USDA('15),100,136,11.48,9.63,0,0,156,3100,2.18,0
258,R001757-ZZ-AVG,"송아지 부산물, 미국산, 신장, 생것",전국(대표),2019,농축산물,육류,R001757,USDA('15),100,99,15.76,3.12,0.85,0,178,364,0.96,0
259,R001758-ZZ-AVG,"송아지 부산물, 미국산, 신장, 삶은것",전국(대표),2019,농축산물,육류,R001758,USDA('15),100,163,26.32,5.66,0,0,110,791,1.74,0
260,R001759-ZZ-AVG,"송아지 부산물, 미국산, 심장, 생것",전국(대표),2019,농축산물,육류,R001759,USDA('15),100,110,17.18,3.98,0.08,0,77,104,1.07,0
261,R001760-ZZ-AVG,"송아지 부산물, 미국산, 심장, 삶은것",전국(대표),2019,농축산물,육류,R001760,USDA('15),100,186,29.12,6.75,0.13,0,58,176,1.82,0
262,R001761-ZZ-AVG,"송아지 부산물, 미국산, 허파, 생것",전국(대표),2019,농축산물,육류,R001761,USDA('15),100,90,16.3,2.3,0,0,108,229,0.79,0
263,R001762-ZZ-AVG,"송아지 부산물, 미국산, 허파, 삶은것",전국(대표),2019,농축산물,육류,R001762,USDA('15),100,104,18.74,2.64,0,0,56,263,0.91,0
264,R001763-ZZ-AVG,"송아지 부산물, 미국산, 혀, 생것",전국(대표),2019,농축산물,육류,R001763,USDA('15),100,131,17.18,5.48,1.91,0,82,62,2.35,0
265,R001764-ZZ-AVG,"송아지 부산물, 미국산, 혀, 삶은것",전국(대표),2019,농축산물,육류,R001764,USDA('15),100,202,25.85,10.1,0,0,64,238,4.35,0
266,R001765-ZZ-AVG,"양고기, 외국산, 다리, 생것",전국(대표),2019,농축산물,육류,R001765,JAPAN('15),100,224,18.8,15.3,0.1,0,37,78,6.88,0
267,R001766-ZZ-AVG,"어린양고기, 미국산, 갈비, 생것",전국(대표),2019,농축산물,육류,R001766,USDA('15),100,372,14.52,34.39,0,0,56,76,15.16,0
268,R001767-ZZ-AVG,"어린양고기, 미국산, 갈비, 구운것(오븐)",전국(대표),2019,농축산물,육류,R001767,USDA('15),100,359,21.12,29.82,0,0,73,97,12.77,0
269,R001768-ZZ-AVG,"어린양고기, 미국산, 다리, 생것",전국(대표),2019,농축산물,육류,R001768,USDA('15),100,201,18.58,13.49,0,0,57,67,5.8,0
270,R001769-ZZ-AVG,"어린양고기, 미국산, 다리, 구운것(오븐)",전국(대표),2019,농축산물,육류,R001769,USDA('15),100,225,26.41,12.45,0,0,65,90,5.09,0
271,R001770-ZZ-AVG,"어린양고기, 미국산, 살코기, 생것",전국(대표),2019,농축산물,육류,R001770,USDA('15),100,143,20.88,5.94,0,0,68,66,2.13,0
272,R001771-ZZ-AVG,"어린양고기, 미국산, 어깨, 생것",전국(대표),2019,농축산물,육류,R001771,USDA('15),100,264,16.58,21.45,0,0,61,72,9.28,0
273,R001772-ZZ-AVG,"어린양고기, 미국산, 어깨, 삶은것",전국(대표),2019,농축산물,육류,R001772,USDA('15),100,344,28.68,24.55,0,0,75,116,10.34,0
274,R001773-ZZ-AVG,"어린양고기, 미국산, 어깨, 구운것(오븐)",전국(대표),2019,농축산물,육류,R001773,USDA('15),100,276,22.51,19.97,0,0,66,92,8.44,0
275,R001774-ZZ-AVG,"어린양 부산물, 미국산, 간, 생것",전국(대표),2019,농축산물,육류,R001774,USDA('15),100,139,20.38,5.02,1.78,0,70,371,1.94,0
276,R001775-ZZ-AVG,"어린양 부산물, 미국산, 간, 삶은것",전국(대표),2019,농축산물,육류,R001775,USDA('15),100,220,30.57,8.81,2.53,0,56,501,3.41,0
277,R001776-ZZ-AVG,"염소고기, 생것",전국(대표),2019,농축산물,육류,R001776,농진청('13),100,178,19.88,10.31,0,0,70,65.22,3.53,0.22
278,R001777-ZZ-AVG,"염소고기, 삶은것",전국(대표),2019,농축산물,육류,R001777,농진청('13),100,247,29.39,13.51,0,0,39,108.49,4.89,0.3
279,R001778-ZZ-AVG,"염소고기, 외국산, 생것",전국(대표),2019,농축산물,육류,R001778,JAPAN('15),100,107,21.9,1.5,0.2,0,45,70,0.38,0
280,R001779-ZZ-AVG,"오리고기, 껍질 포함, 생것",전국(대표),2019,농축산물,육류,R001779,농진청('16),100,242,16.63,18.99,0,0,70,91.45,6.17,0.14
281,R001780-ZZ-AVG,"오리고기, 살코기, 생것",전국(대표),2019,농축산물,육류,R001780,농진청('16),100,117,21,3.07,0,0,83,97.86,1.17,0.02
282,R001781-ZZ-AVG,"오리고기, 산오리, 생것",전국(대표),2019,농축산물,육류,R001781,국('87),100,257,14.4,21.6,0.2,0,48,0,0,0
283,R001782-ZZ-AVG,"오리고기, 집오리, 생것",전국(대표),2019,농축산물,육류,R001782,식약처('96),100,318,16,27.6,0.1,0,85,0,0,0
284,R001783-ZZ-AVG,"오리고기, 집오리, 살코기, 생것",전국(대표),2019,농축산물,육류,R001783,농진청('99),100,149,17.7,8.1,0,0,80,0,0,0
285,R001784-ZZ-AVG,"자라고기, 외국산, 생것",전국(대표),2019,농축산물,육류,R001784,JAPAN('15),100,197,16.4,13.4,0.5,0,69,95,2.66,0
286,R001785-ZZ-AVG,"칠면조고기, 미국산, 생것",전국(대표),2019,농축산물,육류,R001785,USDA('15),100,143,21.64,5.64,0.13,0.07,112,72,1.461,0.062
287,R001786-ZZ-AVG,"칠면조고기, 미국산, 끓인것",전국(대표),2019,농축산물,육류,R001786,USDA('15),100,203,27.37,10.4,0,0,78,93,2.669,0.134
288,R001787-ZZ-AVG,"칠면조고기, 미국산, 구운것",전국(대표),2019,농축산물,육류,R001787,USDA('15),100,189,28.55,7.39,0.06,0,103,109,2.155,0.101
289,R001788-ZZ-AVG,"토끼고기, 집토끼, 생것",전국(대표),2019,농축산물,육류,R001788,식약처('96),100,135,21.7,4.4,0.6,0,56,0,0,0
290,R001789-ZZ-AVG,"토끼고기, 집토끼, 끓인것",전국(대표),2019,농축산물,육류,R001789,USDA('15),100,173,33.02,3.51,0,0,45,123,1.05,0
291,R001790-ZZ-AVG,"말고기, 생것",전국(대표),2019,농축산물,육류,R001790,JAPAN('15),100,110,20.1,2.5,0.3,0,50,65,0.8,0
292,R003009-ZZ-AVG,"소고기, 한우(1+등급), 갈비(꽃갈비), 생것",전국(대표),2019,농축산물,육류,R003009,농진청('17),100,391,14.7,36.43,0,0,40,84.91,11.75,0.78
293,R003010-ZZ-AVG,"소고기, 한우(1+등급), 갈비(본갈비), 생것",전국(대표),2019,농축산물,육류,R003010,농진청('17),100,375,14.69,34.65,0,0,42,86.01,11.29,0.67
294,R003011-ZZ-AVG,"소고기, 한우(1+등급), 갈비(안창살), 생것",전국(대표),2019,농축산물,육류,R003011,농진청('17),100,310,15.25,27.19,0,0,42,76.74,10.94,0.59
295,R003012-ZZ-AVG,"소고기, 한우(1+등급), 갈비(제비추리), 생것",전국(대표),2019,농축산물,육류,R003012,농진청('17),100,184,21.13,10.45,0,0,39,64.65,3.51,0.18
296,R003013-ZZ-AVG,"소고기, 한우(1+등급), 갈비(참갈비), 생것",전국(대표),2019,농축산물,육류,R003013,농진청('17),100,361,14.82,32.98,0,0,38,79.32,9.64,0.66
297,R003014-ZZ-AVG,"소고기, 한우(1+등급), 갈비(토시살), 생것",전국(대표),2019,농축산물,육류,R003014,농진청('17),100,261,15.69,21.52,0,0,42,71.89,7.79,0.43
298,R003015-ZZ-AVG,"소고기, 한우(1+등급), 등심(꽃등심살), 생것",전국(대표),2019,농축산물,육류,R003015,농진청('17),100,332,17.1,28.72,0,0,38,75.62,9.75,0.59
299,R003016-ZZ-AVG,"소고기, 한우(1+등급), 등심(살치살), 생것",전국(대표),2019,농축산물,육류,R003016,농진청('17),100,390,13.27,36.91,0,0,38,86.74,11.6,0.65
300,R003017-ZZ-AVG,"소고기, 한우(1+등급), 등심(아래등심살), 생것",전국(대표),2019,농축산물,육류,R003017,농진청('17),100,288,18.23,23.34,0,0,34,68.87,8.05,0.47
301,R003018-ZZ-AVG,"소고기, 한우(1+등급), 등심(윗등심살), 생것",전국(대표),2019,농축산물,육류,R003018,농진청('17),100,329,16.98,28.45,0,0,41,79.54,9.31,0.55
302,R003019-ZZ-AVG,"소고기, 한우(1+등급), 목심(목심살), 생것",전국(대표),2019,농축산물,육류,R003019,농진청('17),100,222,20.83,14.75,0,0,46,74.01,5.75,0.33
303,R003020-ZZ-AVG,"소고기, 한우(1+등급), 사태(뒷사태), 생것",전국(대표),2019,농축산물,육류,R003020,농진청('17),100,151,20.57,7.01,0,0,56,68.4,2.21,0.11
304,R003021-ZZ-AVG,"소고기, 한우(1+등급), 사태(뭉치사태), 생것",전국(대표),2019,농축산물,육류,R003021,농진청('17),100,137,21.89,4.85,0,0,48,52.06,1.38,0.06
305,R003022-ZZ-AVG,"소고기, 한우(1+등급), 사태(상박살), 생것",전국(대표),2019,농축산물,육류,R003022,농진청('17),100,207,20.12,13.38,0,0,53,72.56,4.29,0.23
306,R003023-ZZ-AVG,"소고기, 한우(1+등급), 사태(아롱사태), 생것",전국(대표),2019,농축산물,육류,R003023,농진청('17),100,236,20.6,16.38,0,0,62,79.45,5.05,0.22
307,R003024-ZZ-AVG,"소고기, 한우(1+등급), 사태(앞사태), 생것",전국(대표),2019,농축산물,육류,R003024,농진청('17),100,152,22.05,6.41,0,0,57,63.11,1.88,0.1
308,R003025-ZZ-AVG,"소고기, 한우(1+등급), 살코기, 생것",전국(대표),2019,농축산물,육류,R003025,대푯값,100,223,17.06,16.97,0,0,40,64.67,5.4,0.32
309,R003026-ZZ-AVG,"소고기, 한우(1+등급), 설도(도가니살), 생것",전국(대표),2019,농축산물,육류,R003026,농진청('17),100,168,20.02,9.18,0,0,46,68.83,3,0.16
310,R003027-ZZ-AVG,"소고기, 한우(1+등급), 설도(보섭살), 생것",전국(대표),2019,농축산물,육류,R003027,농진청('17),100,176,21.82,9.21,0,0,42,65.2,3.26,0.17
311,R003028-ZZ-AVG,"소고기, 한우(1+등급), 설도(삼각살), 생것",전국(대표),2019,농축산물,육류,R003028,농진청('17),100,207,19.38,13.74,0,0,44,64.44,4.54,0.25
312,R003029-ZZ-AVG,"소고기, 한우(1+등급), 설도(설깃머리살), 생것",전국(대표),2019,농축산물,육류,R003029,농진청('17),100,207,19.2,13.81,0,0,42,67.33,4.29,0.25
313,R003030-ZZ-AVG,"소고기, 한우(1+등급), 설도(설깃살), 생것",전국(대표),2019,농축산물,육류,R003030,농진청('17),100,188,21.5,10.69,0,0,44,63.47,3.16,0.18
314,R003031-ZZ-AVG,"소고기, 한우(1+등급), 안심(안심살), 생것",전국(대표),2019,농축산물,육류,R003031,농진청('17),100,206,20.69,13.03,0,0,37,66.16,4.9,0.28
315,R003032-ZZ-AVG,"소고기, 한우(1+등급), 앞다리(갈비덧살), 생것",전국(대표),2019,농축산물,육류,R003032,농진청('17),100,210,18.61,14.51,0,0,35,63.29,5.12,0.31
316,R003033-ZZ-AVG,"소고기, 한우(1+등급), 앞다리(꾸리살), 생것",전국(대표),2019,농축산물,육류,R003033,농진청('17),100,185,19.04,11.51,0,0,49,68.54,3.75,0.19
317,R003034-ZZ-AVG,"소고기, 한우(1+등급), 앞다리(부채덮개살), 생것",전국(대표),2019,농축산물,육류,R003034,농진청('17),100,159,20.7,7.85,0,0,57,56.8,2.53,0.13
318,R003035-ZZ-AVG,"소고기, 한우(1+등급), 앞다리(부채살), 생것",전국(대표),2019,농축산물,육류,R003035,농진청('17),100,244,17.42,18.84,0,0,49,70.47,5.99,0.34
319,R003036-ZZ-AVG,"소고기, 한우(1+등급), 앞다리(앞다리살), 생것",전국(대표),2019,농축산물,육류,R003036,농진청('17),100,185,20.74,10.71,0,0,44,63.37,3.55,0.19
320,R003037-ZZ-AVG,"소고기, 한우(1+등급), 양지(앞치마살), 생것",전국(대표),2019,농축산물,육류,R003037,농진청('17),100,289,17.38,23.81,0,0,40,69.83,7.53,0.47
321,R003038-ZZ-AVG,"소고기, 한우(1+등급), 양지(양지머리), 생것",전국(대표),2019,농축산물,육류,R003038,농진청('17),100,194,19.77,12.11,0,0,52,61.55,3.59,0.21
322,R003039-ZZ-AVG,"소고기, 한우(1+등급), 양지(업진살), 생것",전국(대표),2019,농축산물,육류,R003039,농진청('17),100,325,15.09,28.85,0,0,40,84.96,8.17,0.55
323,R003040-ZZ-AVG,"소고기, 한우(1+등급), 양지(업진안살), 생것",전국(대표),2019,농축산물,육류,R003040,농진청('17),100,297,18.09,24.35,0,0,45,70.8,7.87,0.39
324,R003041-ZZ-AVG,"소고기, 한우(1+등급), 양지(차돌박이), 생것",전국(대표),2019,농축산물,육류,R003041,농진청('17),100,467,11.16,46.45,0,0,60,105.4,11.82,0.78
325,R003042-ZZ-AVG,"소고기, 한우(1+등급), 양지(치마살), 생것",전국(대표),2019,농축산물,육류,R003042,농진청('17),100,235,17.64,17.69,0,0,44,77.63,6.03,0.33
326,R003043-ZZ-AVG,"소고기, 한우(1+등급), 양지(치마양지), 생것",전국(대표),2019,농축산물,육류,R003043,농진청('17),100,212,20.81,13.71,0,0,51,63.37,4.23,0.26
327,R003044-ZZ-AVG,"소고기, 한우(1+등급), 우둔(우둔살), 생것",전국(대표),2019,농축산물,육류,R003044,농진청('17),100,163,22.68,7.33,0,0,41,62.56,2.09,0.11
328,R003045-ZZ-AVG,"소고기, 한우(1+등급), 우둔(홍두깨살), 생것",전국(대표),2019,농축산물,육류,R003045,농진청('17),100,158,21.61,7.31,0,0,41,56.96,2.17,0.11
329,R003046-ZZ-AVG,"소고기, 한우(1+등급), 채끝(채끝살), 생것",전국(대표),2019,농축산물,육류,R003046,농진청('17),100,305,17.92,25.29,0,0,34,70.81,8.61,0.52